cluster,fixed acidity,volatile acidity,citric acid,residual sugar,chlorides,free sulfur dioxide,total sulfur dioxide,density,pH,sulphates,alcohol,quality
0,7.1898891966759,0.6093421052631579,0.1230470914127424,2.2140581717451524,0.07855263157894736,13.507617728531857,34.89473684210526,0.9958963711911358,3.4057617728531855,0.6092243767313019,10.494044321329639,5.552631578947368
1,10.067131474103585,0.4050796812749004,0.4697609561752988,2.582569721115538,0.10046015936254979,10.888446215139442,30.627490039840637,0.9975739043824702,3.1950398406374503,0.7521314741035856,10.724037184594952,5.960159362549801
2,8.155466666666667,0.5351733333333333,0.28968,3.1054666666666666,0.08723466666666665,27.108,89.95466666666667,0.9972764266666666,3.2842666666666664,0.6265333333333333,9.883155555555556,5.362666666666667
